Tutorials, Sub-Topic, URL,
Java Technologies,Learn Apache Ant,https://www.tutorialspoint.com//ant/index.htm,
Java Technologies,Learn Apache Common Collection,https://www.tutorialspoint.com//commons_collections/index.htm,
Java Technologies,Learn Apache Common IO,https://www.tutorialspoint.com//commons_io/index.htm,
Java Technologies,Learn Apache POI (Powerpoint),https://www.tutorialspoint.com//apache_poi_ppt/index.htm,
Java Technologies,Learn Apache POI (Word),https://www.tutorialspoint.com//apache_poi_word/index.htm,
Java Technologies,Learn Apache POI,https://www.tutorialspoint.com//apache_poi/index.htm,
Java Technologies,Learn AWT,https://www.tutorialspoint.com//awt/index.htm,
Java Technologies,Learn Apache Commons CLI,https://www.tutorialspoint.com//commons_cli/index.htm,
Java Technologies,Learn Apache DB Utils,https://www.tutorialspoint.com//dbutils/index.htm,
Java Technologies,Learn Design Patterns,https://www.tutorialspoint.com//design_pattern/index.htm,
Java Technologies,Learn EasyMock,https://www.tutorialspoint.com//easymock/index.htm,
Java Technologies,Learn Eclipse,https://www.tutorialspoint.com//eclipse/index.htm,
Java Technologies,Learn EJB,https://www.tutorialspoint.com//ejb/index.htm,
Java Technologies,Learn Gson,https://www.tutorialspoint.com//gson/index.htm,
Java Technologies,Learn Guava,https://www.tutorialspoint.com//guava/index.htm,
Java Technologies,Learn Guice,https://www.tutorialspoint.com//guice/index.htm,
Java Technologies,Learn GWT Google Charts,https://www.tutorialspoint.com//gwt_googlecharts/index.htm,
Java Technologies,Learn GWT High Charts,https://www.tutorialspoint.com//gwt_highcharts/index.htm,
Java Technologies,Learn Hibernate,https://www.tutorialspoint.com//hibernate/index.htm,
Java Technologies,Learn iBATIS,https://www.tutorialspoint.com//ibatis/index.htm,
Java Technologies,Learn Intellij Idea,https://www.tutorialspoint.com//intellij_idea/index.htm,
Java Technologies,Learn Jackson,https://www.tutorialspoint.com//jackson/index.htm,
Java Technologies,Learn JasperReports,https://www.tutorialspoint.com//jasper_reports/index.htm,
Java Technologies,Learn Java,https://www.tutorialspoint.com//java/index.htm,
Java Technologies,Learn Java 8,https://www.tutorialspoint.com//java8/index.htm,
Java Technologies,Learn Java 9,https://www.tutorialspoint.com//java9/index.htm,
Java Technologies,Learn Java Concurrency,https://www.tutorialspoint.com//java_concurrency/index.htm,
Java Technologies,Learn Java Generics,https://www.tutorialspoint.com//java_generics/index.htm,
Java Technologies,Learn Java RMI,https://www.tutorialspoint.com//java_rmi/index.htm,
Java Technologies,Java.io Package,https://www.tutorialspoint.com//java/io/index.htm,
Java Technologies,Java Internalization,https://www.tutorialspoint.com//java_i18n/index.htm,
Java Technologies,Java Interview Questions,https://www.tutorialspoint.com//java/java_interview_questions.htm,
Java Technologies,Java.lang Package,https://www.tutorialspoint.com//java/lang/index.htm,
Java Technologies,Java.reflect Package,https://www.tutorialspoint.com//javareflect/index.htm,
Java Technologies,Learn Java Regex,https://www.tutorialspoint.com//javaregex/index.htm,
Java Technologies,Java.time Package,https://www.tutorialspoint.com//javatime/index.htm,
Java Technologies,Java.math Package,https://www.tutorialspoint.com//java/math/index.htm,
Java Technologies,Java.regex Package,https://www.tutorialspoint.com//javaregex/index.htm,
Java Technologies,Java.util Package,https://www.tutorialspoint.com//java/util/index.htm,
Java Technologies,Learn Java XML,https://www.tutorialspoint.com//java_xml/index.htm,
Java Technologies,Learn Java Zip,https://www.tutorialspoint.com//javazip/index.htm,
Java Technologies,Learn Java-8,https://www.tutorialspoint.com//java8/index.htm,
Java Technologies,Java Examples,https://www.tutorialspoint.com//javaexamples/index.htm,
Java Technologies,Learn JavaFx,https://www.tutorialspoint.com//javafx/index.htm,
Java Technologies,Learn JavaMail API,https://www.tutorialspoint.com//javamail_api/index.htm,
Java Technologies,Learn Jbpm5,https://www.tutorialspoint.com//jbpm5/index.htm,
Java Technologies,Learn JDB,https://www.tutorialspoint.com//jdb/index.htm,
Java Technologies,Learn JDBC,https://www.tutorialspoint.com//jdbc/index.htm,
Java Technologies,Learn JFreeChart,https://www.tutorialspoint.com//jfreechart/index.htm,
Java Technologies,Learn jMeter,https://www.tutorialspoint.com//jmeter/index.htm,
Java Technologies,Learn JSoup,https://www.tutorialspoint.com//jsoup/index.htm,
Java Technologies,Learn JOGL,https://www.tutorialspoint.com//jogl/index.htm,
Java Technologies,Learn JPA,https://www.tutorialspoint.com//jpa/index.htm,
Java Technologies,Learn JSON,https://www.tutorialspoint.com//json/index.htm,
Java Technologies,Learn JSP,https://www.tutorialspoint.com//jsp/index.htm,
Java Technologies,Learn JUnit,https://www.tutorialspoint.com//junit/index.htm,
Java Technologies,Learn log4j,https://www.tutorialspoint.com//log4j/index.htm,
Java Technologies,Learn Lucene,https://www.tutorialspoint.com//lucene/index.htm,
Java Technologies,Learn Maven,https://www.tutorialspoint.com//maven/index.htm,
Java Technologies,Learn PDFbox,https://www.tutorialspoint.com//pdfbox/index.htm,
Java Technologies,Learn Servlets,https://www.tutorialspoint.com//servlets/index.htm,
Java Technologies,Learn Spring,https://www.tutorialspoint.com//spring/index.htm,
Java Technologies,Learn Spring AOP,https://www.tutorialspoint.com//springaop/index.htm,
Java Technologies,Learn Spring Batch,https://www.tutorialspoint.com//spring_batch/index.htm,
Java Technologies,Learn Spring Boot Client,https://www.tutorialspoint.com//springbootcli/index.htm,
Java Technologies,Learn Spring JDBC,https://www.tutorialspoint.com//springjdbc/index.htm,
Java Technologies,Learn Spring MVC,https://www.tutorialspoint.com//springmvc/index.htm,
Java Technologies,Learn Spring Web Services,https://www.tutorialspoint.com//springws/index.htm,
Java Technologies,Learn Struts 2.x,https://www.tutorialspoint.com//struts_2/index.htm,
Java Technologies,Learn Swing,https://www.tutorialspoint.com//swing/index.htm,
Java Technologies,Learn TestNG,https://www.tutorialspoint.com//testng/index.htm,
Java Technologies,Learn Apache Tika,https://www.tutorialspoint.com//tika/index.htm,
Java Technologies,Learn Apache Xerces,https://www.tutorialspoint.com//xerces/index.htm,
Java Technologies,Learn XStream,https://www.tutorialspoint.com//xstream/index.htm,
Digital Marketing,Learn Amazon Marketplace,https://www.tutorialspoint.com//amazon_marketplace/index.htm,
Digital Marketing,Learn A/B Testing,https://www.tutorialspoint.com//ab_testing/index.htm,
Digital Marketing,Content Marketing,https://www.tutorialspoint.com//content_marketing/index.htm,
Digital Marketing,Conversion Rate Optimization,https://www.tutorialspoint.com//conversion_rate_optimization/index.htm,
Digital Marketing,Learn Digital Marketing,https://www.tutorialspoint.com//digital_marketing/index.htm,
Digital Marketing,Learn Email Marketing,https://www.tutorialspoint.com//email_marketing/index.htm,
Digital Marketing,Learn Facebook Marketing,https://www.tutorialspoint.com//facebook_marketing/index.htm,
Digital Marketing,Learn Google Plus Marketing,https://www.tutorialspoint.com//google_plus/index.htm,
Digital Marketing,Learn Google Tag Manager,https://www.tutorialspoint.com//google_tag_manager/index.htm,
Digital Marketing,Learn Instagram Marketing,https://www.tutorialspoint.com//instagram_marketing/index.htm,
Digital Marketing,Learn Mobile Marketing,https://www.tutorialspoint.com//mobile_marketing/index.htm,
Digital Marketing,Learn Online Marketing,https://www.tutorialspoint.com//online_marketing/index.htm,
Digital Marketing,Learn Pay Per Click,https://www.tutorialspoint.com//pay_per_click/index.htm,
Digital Marketing,Learn Pinterest Marketing,https://www.tutorialspoint.com//pinterest_marketing/index.htm,
Digital Marketing,Learn SEO Techniques,https://www.tutorialspoint.com//seo/index.htm,
Digital Marketing,Learn Social Media Marketing,https://www.tutorialspoint.com//social_media_marketing/index.htm,
Digital Marketing,Learn Twitter Marketing,https://www.tutorialspoint.com//twitter_marketing/index.htm,
Digital Marketing,Learn Youtube Marketing,https://www.tutorialspoint.com//youtube_marketing/index.htm,
Digital Marketing,Learn Web Analytics,https://www.tutorialspoint.com//web_analytics/index.htm,
Databases,Learn ArangoDB,https://www.tutorialspoint.com//arangodb/index.htm,
Databases,Learn Apache Presto,https://www.tutorialspoint.com//apache_presto/index.htm,
Databases,Learn CouchDB,https://www.tutorialspoint.com//couchdb/index.htm,
Databases,Learn DB2,https://www.tutorialspoint.com//db2/index.htm,
Databases,Learn DocumentDB SQL,https://www.tutorialspoint.com//documentdb_sql/index.htm,
Databases,Learn DocumentDB,https://www.tutorialspoint.com//documentdb/index.htm,
Databases,Learn DynamoDB,https://www.tutorialspoint.com//dynamodb/index.htm,
Databases,Learn H2 Database,https://www.tutorialspoint.com//h2_database/index.htm,
Databases,Learn HSQLDB,https://www.tutorialspoint.com//hsqldb/index.htm,
Databases,Learn IMS DB,https://www.tutorialspoint.com//ims_db/index.htm,
Databases,Learn MariaDB,https://www.tutorialspoint.com//mariadb/index.htm,
Databases,Learn Memcached,https://www.tutorialspoint.com//memcached/index.htm,
Databases,Learn MongoDB,https://www.tutorialspoint.com//mongodb/index.htm,
Databases,Learn MySQL,https://www.tutorialspoint.com//mysql/index.htm,
Databases,Learn MySQLi,https://www.tutorialspoint.com//mysqli/index.htm,
Databases,Learn Neo4J,https://www.tutorialspoint.com//neo4j/index.htm,
Databases,Learn OBIEE,https://www.tutorialspoint.com//obiee/index.htm,
Databases,Learn OrientDB,https://www.tutorialspoint.com//orientdb/index.htm,
Databases,Learn PL/SQL,https://www.tutorialspoint.com//plsql/index.htm,
Databases,Learn PostgreSQL,https://www.tutorialspoint.com//postgresql/index.htm,
Databases,Learn PouchDB,https://www.tutorialspoint.com//pouchdb/index.htm,
Databases,Learn Redis,https://www.tutorialspoint.com//redis/index.htm,
Databases,SQL Certification,https://www.tutorialspoint.com//sql_certificate/index.htm,
Databases,Learn SQL,https://www.tutorialspoint.com//sql/index.htm,
Databases,Learn SQLite,https://www.tutorialspoint.com//sqlite/index.htm,
Databases,Learn T-SQL,https://www.tutorialspoint.com//t_sql/index.htm,
XML Technologies,Learn AIML,https://www.tutorialspoint.com//aiml/index.htm,
XML Technologies,Learn DOM,https://www.tutorialspoint.com//dom/index.htm,
XML Technologies,Learn DTD,https://www.tutorialspoint.com//dtd/index.htm,
XML Technologies,Learn ebXML,https://www.tutorialspoint.com//ebxml/index.htm,
XML Technologies,Learn Java XML,https://www.tutorialspoint.com//java_xml/index.htm,
XML Technologies,Learn WSDL,https://www.tutorialspoint.com//wsdl/index.htm,
XML Technologies,Learn XML-RPC,https://www.tutorialspoint.com//xml-rpc/index.htm,
XML Technologies,Learn XML,https://www.tutorialspoint.com//xml/index.htm,
XML Technologies,Learn XPath,https://www.tutorialspoint.com//xpath/index.htm,
XML Technologies,Learn XQuery,https://www.tutorialspoint.com//xquery/index.htm,
XML Technologies,Learn XSD,https://www.tutorialspoint.com//xsd/index.htm,
XML Technologies,Learn XSLT,https://www.tutorialspoint.com//xslt/index.htm,
Python Technologies,Learn Concurrency with Python,https://www.tutorialspoint.com//concurrency_in_python/index.htm,
Python Technologies,Learn Cryptography with Python,https://www.tutorialspoint.com//cryptography_with_python/index.htm,
Python Technologies,Learn Jython,https://www.tutorialspoint.com//jython/index.htm,
Python Technologies,Machine Learning with Python,https://www.tutorialspoint.com//machine_learning_with_python/index.htm,
Python Technologies,Learn Numpy,https://www.tutorialspoint.com//numpy/index.htm,
Python Technologies,Learn PyGTK,https://www.tutorialspoint.com//pygtk/index.htm,
Python Technologies,Learn PyQt,https://www.tutorialspoint.com//pyqt/index.htm,
Python Technologies,Learn Python,https://www.tutorialspoint.com//python/index.htm,
Python Technologies,Learn Python-3,https://www.tutorialspoint.com//python3/index.htm,
Python Technologies,Learn PyCharm,https://www.tutorialspoint.com//pycharm/index.htm,
Python Technologies,Python Deep Learning,https://www.tutorialspoint.com//python_deep_learning/index.htm,
Python Technologies,Python Design Pattern,https://www.tutorialspoint.com//python_design_patterns/index.htm,
Python Technologies,Learn Python Data Structure,https://www.tutorialspoint.com//python/python_data_structure.htm,
Python Technologies,Learn Python Data Science,https://www.tutorialspoint.com//python/python_data_science.htm,
Python Technologies,Learn Python Text Processing,https://www.tutorialspoint.com//python/python_text_processing.htm,
Python Technologies,Artificial Intelligence with Python,https://www.tutorialspoint.com//artificial_intelligence_with_python/index.htm,
Python Technologies,Learn Python Forensics,https://www.tutorialspoint.com//python_forensics/index.htm,
Python Technologies,Learn Python Panda,https://www.tutorialspoint.com//python_pandas/index.htm,
Python Technologies,Learn PySpark,https://www.tutorialspoint.com//pyspark/index.htm,
Python Technologies,Learn Seaborn,https://www.tutorialspoint.com//seaborn/index.htm,
Python Technologies,Learn Scipy,https://www.tutorialspoint.com//scipy/index.htm,
Python Technologies,Learn WxPython,https://www.tutorialspoint.com//wxpython/index.htm,
Sports,American Football,https://www.tutorialspoint.com//american_football/index.htm,
Sports,Archery,https://www.tutorialspoint.com//archery/index.htm,
Sports,Athletics,https://www.tutorialspoint.com//athletics/index.htm,
Sports,Australian Football,https://www.tutorialspoint.com//australian_football/index.htm,
Sports,Badminton,https://www.tutorialspoint.com//badminton/index.htm,
Sports,Bandy,https://www.tutorialspoint.com//bandy/index.htm,
Sports,Barefoot Skiing,https://www.tutorialspoint.com//barefoot_skiing/index.htm,
Sports,Baseball,https://www.tutorialspoint.com//baseball/index.htm,
Sports,Basketball,https://www.tutorialspoint.com//basketball/index.htm,
Sports,Beach Volleyball,https://www.tutorialspoint.com//beach_volleyball/index.htm,
Sports,Biathlon,https://www.tutorialspoint.com//biathlon/index.htm,
Sports,Billiards,https://www.tutorialspoint.com//billiards/index.htm,
Sports,BMX,https://www.tutorialspoint.com//bmx/index.htm,
Sports,Bobsleigh,https://www.tutorialspoint.com//bobsleigh/index.htm,
Sports,Boxing,https://www.tutorialspoint.com//boxing/index.htm,
Sports,Brazilian Jiu Jitsu,https://www.tutorialspoint.com//brazilian_jiu_jitsu/index.htm,
Sports,Bull Riding,https://www.tutorialspoint.com//bull_riding/index.htm,
Sports,Canoeing,https://www.tutorialspoint.com//canoeing/index.htm,
Sports,Carrom,https://www.tutorialspoint.com//carrom/index.htm,
Sports,Competitive Climbing,https://www.tutorialspoint.com//competitive_climbing/index.htm,
Sports,Competitive Dance,https://www.tutorialspoint.com//competitive_dance/index.htm,
Sports,Cricket,https://www.tutorialspoint.com//cricket/index.htm,
Sports,Croquet,https://www.tutorialspoint.com//croquet/index.htm,
Sports,Curling,https://www.tutorialspoint.com//curling/index.htm,
Sports,Cycling,https://www.tutorialspoint.com//cycling/index.htm,
Sports,Darts,https://www.tutorialspoint.com//darts/index.htm,
Sports,Discus Throw,https://www.tutorialspoint.com//discus_throw/index.htm,
Sports,Diving,https://www.tutorialspoint.com//diving/index.htm,
Sports,Downhill Skiing,https://www.tutorialspoint.com//downhill_skiing/index.htm,
Sports,Drag Racing,https://www.tutorialspoint.com//drag_racing/index.htm,
Sports,Dragon Boating,https://www.tutorialspoint.com//dragon_boating/index.htm,
Sports,Equestrian,https://www.tutorialspoint.com//equestrian/index.htm,
Sports,Fencing,https://www.tutorialspoint.com//fencing/index.htm,
Sports,Football,https://www.tutorialspoint.com//football/index.htm,
Sports,Formula One,https://www.tutorialspoint.com//formula_one/index.htm,
Sports,Freestyle Skiing,https://www.tutorialspoint.com//freestyle_skiing/index.htm,
Sports,Golf,https://www.tutorialspoint.com//golf/index.htm,
Sports,Gymkhana Grid,https://www.tutorialspoint.com//gymkhana_grid/index.htm,
Sports,Hammer Throw,https://www.tutorialspoint.com//hammer_throw/index.htm,
Sports,Handball,https://www.tutorialspoint.com//handball/index.htm,
Sports,High Jump,https://www.tutorialspoint.com//high_jump/index.htm,
Sports,Hockey,https://www.tutorialspoint.com//hockey/index.htm,
Sports,Horse Racing,https://www.tutorialspoint.com//horse_racing/index.htm,
Sports,Ice Hockey,https://www.tutorialspoint.com//ice_hockey/index.htm,
Sports,Ice Mountaineering,https://www.tutorialspoint.com//ice_mountaineering/index.htm,
Sports,Indycar,https://www.tutorialspoint.com//indycar/index.htm,
Sports,Javelin Throw,https://www.tutorialspoint.com//javelin_throw/index.htm,
Sports,Judo,https://www.tutorialspoint.com//judo/index.htm,
Sports,Kabaddi,https://www.tutorialspoint.com//kabaddi/index.htm,
Sports,Karate,https://www.tutorialspoint.com//karate/index.htm,
Sports,Kick Boxing,https://www.tutorialspoint.com//kickboxing/index.htm,
Sports,Lacrosse,https://www.tutorialspoint.com//lacrosse/index.htm,
Sports,Lawn Bowling,https://www.tutorialspoint.com//lawn_bowling/index.htm,
Sports,Long Jump,https://www.tutorialspoint.com//long_jump/index.htm,
Sports,Mixed Martial Arts,https://www.tutorialspoint.com//mixed_martial_arts/index.htm,
Sports,Modern Pentathlon,https://www.tutorialspoint.com//modern_pentathlon/index.htm,
Sports,Mountain Biking,https://www.tutorialspoint.com//mountain_biking/index.htm,
Sports,Nordic Combined,https://www.tutorialspoint.com//nordic_combined/index.htm,
Sports,Paragliding,https://www.tutorialspoint.com//paragliding/index.htm,
Sports,Pole Vault,https://www.tutorialspoint.com//pole_vault/index.htm,
Sports,Polo,https://www.tutorialspoint.com//polo/index.htm,
Sports,Pool,https://www.tutorialspoint.com//pool/index.htm,
Sports,Racquetball,https://www.tutorialspoint.com//racquetball/index.htm,
Sports,Race Walking,https://www.tutorialspoint.com//racewalking/index.htm,
Sports,Rafting,https://www.tutorialspoint.com//rafting/index.htm,
Sports,Roller Hockey,https://www.tutorialspoint.com//roller_hockey/index.htm,
Sports,Roller Skating,https://www.tutorialspoint.com//roller_skating/index.htm,
Sports,Rally,https://www.tutorialspoint.com//rally/index.htm,
Sports,Rowing,https://www.tutorialspoint.com//rowing/index.htm,
Sports,Running,https://www.tutorialspoint.com//running/index.htm,
Sports,Sailing,https://www.tutorialspoint.com//sailing/index.htm,
Sports,Sambo,https://www.tutorialspoint.com//sambo/index.htm,
Sports,Scootering,https://www.tutorialspoint.com//scootering/index.htm,
Sports,Sepak Takraw,https://www.tutorialspoint.com//sepak_takraw/index.htm,
Sports,Shot Put,https://www.tutorialspoint.com//shot_put/index.htm,
Sports,Ski Jumping,https://www.tutorialspoint.com//ski_jumping/index.htm,
Sports,Sky Surfing,https://www.tutorialspoint.com//sky_surfing/index.htm,
Sports,Snooker,https://www.tutorialspoint.com//snooker/index.htm,
Sports,Snowboarding,https://www.tutorialspoint.com//snowboarding/index.htm,
Sports,Softball,https://www.tutorialspoint.com//softball/index.htm,
Sports,Speed Skating,https://www.tutorialspoint.com//speed_skating/index.htm,
Sports,Speedway,https://www.tutorialspoint.com//speedway/index.htm,
Sports,Squash,https://www.tutorialspoint.com//squash/index.htm,
Sports,Swimming,https://www.tutorialspoint.com//swimming/index.htm,
Sports,Synchronized Swimming,https://www.tutorialspoint.com//synchronized_swimming/index.htm,
Sports,Table Tennis,https://www.tutorialspoint.com//table_tennis/index.htm,
Sports,Ten-Pin Bowling,https://www.tutorialspoint.com//ten_pin_bowling/index.htm,
Sports,Tennis,https://www.tutorialspoint.com//tennis/index.htm,
Sports,Touring Car Racing,https://www.tutorialspoint.com//touring_car_racing/index.htm,
Sports,Trampolining,https://www.tutorialspoint.com//trampolining/index.htm,
Sports,Trial Biking,https://www.tutorialspoint.com//trial_biking/index.htm,
Sports,Triathlon,https://www.tutorialspoint.com//triathlon/index.htm,
Sports,Volleyball,https://www.tutorialspoint.com//volleyball/index.htm,
Sports,Wakeboarding,https://www.tutorialspoint.com//wakeboarding/index.htm,
Sports,Water Polo,https://www.tutorialspoint.com//water_polo/index.htm,
Sports,Water Skiing,https://www.tutorialspoint.com//water_skiing/index.htm,
Sports,Weightlifting,https://www.tutorialspoint.com//weightlifting/index.htm,
Sports,Windsurfing,https://www.tutorialspoint.com//windsurfing/index.htm,
Sports,Wrestling,https://www.tutorialspoint.com//wrestling/index.htm,
Sports,Wushu,https://www.tutorialspoint.com//wushu/index.htm,
Computer Programming,Learn Apex,https://www.tutorialspoint.com//apex/index.htm,
Computer Programming,Learn Arduino,https://www.tutorialspoint.com//arduino/index.htm,
Computer Programming,Learn Assembly,https://www.tutorialspoint.com//assembly_programming/index.htm,
Computer Programming,Learn Awk,https://www.tutorialspoint.com//awk/index.htm,
Computer Programming,C Standard Library,https://www.tutorialspoint.com//c_standard_library/index.htm,
Computer Programming,Learn Clojure,https://www.tutorialspoint.com//clojure/index.htm,
Computer Programming,Learn COBOL,https://www.tutorialspoint.com//cobol/index.htm,
Computer Programming,Learn Computer Programming,https://www.tutorialspoint.com//computer_programming/index.htm,
Computer Programming,Learn C++,https://www.tutorialspoint.com//cplusplus/index.htm,
Computer Programming,C++ Standard Library,https://www.tutorialspoint.com//cpp_standard_library/index.htm,
Computer Programming,Learn C,https://www.tutorialspoint.com//cprogramming/index.htm,
Computer Programming,Learn C#,https://www.tutorialspoint.com//csharp/index.htm,
Computer Programming,Learn Dart,https://www.tutorialspoint.com//dart_programming/index.htm,
Computer Programming,Learn D,https://www.tutorialspoint.com//d_programming/index.htm,
Computer Programming,Data Structure & Algorithms,https://www.tutorialspoint.com//data_structures_algorithms/index.htm,
Computer Programming,Learn Elixir,https://www.tutorialspoint.com//elixir/index.htm,
Computer Programming,Learn Erlang,https://www.tutorialspoint.com//erlang/index.htm,
Computer Programming,Learn Euphoria,https://www.tutorialspoint.com//euphoria/index.htm,
Computer Programming,Learn Fortran,https://www.tutorialspoint.com//fortran/index.htm,
Computer Programming,Learn F#,https://www.tutorialspoint.com//fsharp/index.htm,
Computer Programming,Learn Go Programing,https://www.tutorialspoint.com//go/index.htm,
Computer Programming,Learn Groovy,https://www.tutorialspoint.com//groovy/index.htm,
Computer Programming,Learn Haskell,https://www.tutorialspoint.com//haskell/index.htm,
Computer Programming,Inter Process Communication,https://www.tutorialspoint.com//inter_process_communication/index.htm,
Computer Programming,Learn Java,https://www.tutorialspoint.com//java/index.htm,
Computer Programming,Learn Java-8,https://www.tutorialspoint.com//java8/index.htm,
Computer Programming,Learn Java Bean Utils,https://www.tutorialspoint.com//java_beanutils/index.htm,
Computer Programming,Learn JCL,https://www.tutorialspoint.com//jcl/index.htm,
Computer Programming,Learn KDB+,https://www.tutorialspoint.com//kdbplus/index.htm,
Computer Programming,Learn C by Examples,https://www.tutorialspoint.com//learn_c_by_examples/index.htm,
Computer Programming,Learn LISP,https://www.tutorialspoint.com//lisp/index.htm,
Computer Programming,Learn LOLCODE,https://www.tutorialspoint.com//lolcode/index.htm,
Computer Programming,Learn LOGO,https://www.tutorialspoint.com//logo/index.htm,
Computer Programming,Learn MATLAB,https://www.tutorialspoint.com//matlab/index.htm,
Computer Programming,Learn Node.js,https://www.tutorialspoint.com//nodejs/index.htm,
Computer Programming,Learn Objective C,https://www.tutorialspoint.com//objective_c/index.htm,
Computer Programming,Learn OAuth2.0,https://www.tutorialspoint.com//oauth2.0/index.htm,
Computer Programming,Learn Pascal,https://www.tutorialspoint.com//pascal/index.htm,
Computer Programming,Learn Parrot,https://www.tutorialspoint.com//parrot/index.htm,
Computer Programming,Learn CGI with PERL,https://www.tutorialspoint.com//perl/perl_cgi.htm,
Computer Programming,Learn R Programming,https://www.tutorialspoint.com//r/index.htm,
Computer Programming,Learn Rexx Programming,https://www.tutorialspoint.com//rexx/index.htm,
Computer Programming,Learn Scala,https://www.tutorialspoint.com//scala/index.htm,
Computer Programming,Learn Socket.io,https://www.tutorialspoint.com//socket.io/index.htm,
Computer Programming,Learn Swift,https://www.tutorialspoint.com//swift/index.htm,
Computer Programming,Learn VB.Net,https://www.tutorialspoint.com//vb.net/index.htm,
Computer Programming,Learn VBA,https://www.tutorialspoint.com//vba/index.htm,
Big Data & Analytics,Advanced Excel Charts,https://www.tutorialspoint.com//advanced_excel_charts/index.htm,
Big Data & Analytics,Advanced Excel Functions,https://www.tutorialspoint.com//advanced_excel_functions/index.htm,
Big Data & Analytics,Learn Apache Flume,https://www.tutorialspoint.com//apache_flume/index.htm,
Big Data & Analytics,Learn Apache Kafka,https://www.tutorialspoint.com//apache_kafka/index.htm,
Big Data & Analytics,Learn Apache Pig,https://www.tutorialspoint.com//apache_pig/index.htm,
Big Data & Analytics,Learn Apache Solr,https://www.tutorialspoint.com//apache_solr/index.htm,
Big Data & Analytics,Learn Apache Spark,https://www.tutorialspoint.com//apache_spark/index.htm,
Big Data & Analytics,Learn Apache Storm,https://www.tutorialspoint.com//apache_storm/index.htm,
Big Data & Analytics,Learn Apache Tajo,https://www.tutorialspoint.com//apache_tajo/index.htm,
Big Data & Analytics,Learn Avro,https://www.tutorialspoint.com//avro/index.htm,
Big Data & Analytics,Learn Big Data Analytics,https://www.tutorialspoint.com//big_data_analytics/index.htm,
Big Data & Analytics,Learn Cassandra,https://www.tutorialspoint.com//cassandra/index.htm,
Big Data & Analytics,Learn Cognos,https://www.tutorialspoint.com//cognos/index.htm,
Big Data & Analytics,Learn CouchDB,https://www.tutorialspoint.com//couchdb/index.htm,
Big Data & Analytics,Learn Dax Functions,https://www.tutorialspoint.com//dax_functions/index.htm,
Big Data & Analytics,Learn Data Modeling with DAX,https://www.tutorialspoint.com//data_modeling_with_dax/index.htm,
Big Data & Analytics,Learn Excel Dashboard,https://www.tutorialspoint.com//excel_dashboards/index.htm,
Big Data & Analytics,Learn Excel Dax,https://www.tutorialspoint.com//excel_dax/index.htm,
Big Data & Analytics,Learn Excel Data Analysis,https://www.tutorialspoint.com//excel_data_analysis/index.htm,
Big Data & Analytics,Learn Excel Pivot Tables,https://www.tutorialspoint.com//excel_pivot_tables/index.htm,
Big Data & Analytics,Learn Excel Macros,https://www.tutorialspoint.com//excel_macros/index.htm,
Big Data & Analytics,Learn Excel Power Pivot,https://www.tutorialspoint.com//excel_power_pivot/index.htm,
Big Data & Analytics,Learn Excel Power View,https://www.tutorialspoint.com//excel_power_view/index.htm,
Big Data & Analytics,Learn Google Charts,https://www.tutorialspoint.com//googlecharts/index.htm,
Big Data & Analytics,Learn Hadoop,https://www.tutorialspoint.com//hadoop/index.htm,
Big Data & Analytics,Learn HBase,https://www.tutorialspoint.com//hbase/index.htm,
Big Data & Analytics,Learn HCatalog,https://www.tutorialspoint.com//hcatalog/index.htm,
Big Data & Analytics,Learn Highcharts,https://www.tutorialspoint.com//highcharts/index.htm,
Big Data & Analytics,Learn Hive,https://www.tutorialspoint.com//hive/index.htm,
Big Data & Analytics,Learn Apache Impala,https://www.tutorialspoint.com//impala/index.htm,
Big Data & Analytics,Learn JFreeChart,https://www.tutorialspoint.com//jfreechart/index.htm,
Big Data & Analytics,Learn Mahout,https://www.tutorialspoint.com//mahout/index.htm,
Big Data & Analytics,Learn Map Reduce,https://www.tutorialspoint.com//map_reduce/index.htm,
Big Data & Analytics,Learn Pentaho,https://www.tutorialspoint.com//pentaho/index.htm,
Big Data & Analytics,Learn Power BI,https://www.tutorialspoint.com//power_bi/index.htm,
Big Data & Analytics,Learn QlikView,https://www.tutorialspoint.com//qlikview/index.htm,
Big Data & Analytics,Learn R Programming,https://www.tutorialspoint.com//r/index.htm,
Big Data & Analytics,Learn SAS,https://www.tutorialspoint.com//sas/index.htm,
Big Data & Analytics,Learn Spark SQL,https://www.tutorialspoint.com//spark_sql/index.htm,
Big Data & Analytics,Learn Sqoop,https://www.tutorialspoint.com//sqoop/index.htm,
Big Data & Analytics,Learn Statistics,https://www.tutorialspoint.com//statistics/index.htm,
Big Data & Analytics,Learn Tableau,https://www.tutorialspoint.com//tableau/index.htm,
Big Data & Analytics,Learn Teradata,https://www.tutorialspoint.com//teradata/index.htm,
Big Data & Analytics,Learn Zookeeper,https://www.tutorialspoint.com//zookeeper/index.htm,
Mainframe Development,Learn CICS,https://www.tutorialspoint.com//cics/index.htm,
Mainframe Development,Learn COBOL,https://www.tutorialspoint.com//cobol/index.htm,
Mainframe Development,Learn DB2,https://www.tutorialspoint.com//db2/index.htm,
Mainframe Development,Learn IMS DB,https://www.tutorialspoint.com//ims_db/index.htm,
Mainframe Development,Learn JCL,https://www.tutorialspoint.com//jcl/index.htm,
Mainframe Development,Learn VSAM,https://www.tutorialspoint.com//vsam/index.htm,
Microsoft Technologies,Learn Advanced Excel,https://www.tutorialspoint.com//advanced_excel/index.htm,
Microsoft Technologies,Learn ASP.Net Core,https://www.tutorialspoint.com//asp.net_core/index.htm,
Microsoft Technologies,Learn ASP.Net MVC,https://www.tutorialspoint.com//asp.net_mvc/index.htm,
Microsoft Technologies,Learn ASP.Net WP,https://www.tutorialspoint.com//asp.net_wp/index.htm,
Microsoft Technologies,Learn ASP.Net,https://www.tutorialspoint.com//asp.net/index.htm,
Microsoft Technologies,Learn Dot.Net Core,https://www.tutorialspoint.com//dotnet_core/index.htm,
Microsoft Technologies,Learn Batch Script,https://www.tutorialspoint.com//batch_script/index.htm,
Microsoft Technologies,Learn C#,https://www.tutorialspoint.com//csharp/index.htm,
Microsoft Technologies,Learn Entity Framework,https://www.tutorialspoint.com//entity_framework/index.htm,
Microsoft Technologies,Learn Excel Charts,https://www.tutorialspoint.com//excel_charts/index.htm,
Microsoft Technologies,Learn Excel,https://www.tutorialspoint.com//excel/index.htm,
Microsoft Technologies,Learn F#,https://www.tutorialspoint.com//fsharp/index.htm,
Microsoft Technologies,Learn LinQ,https://www.tutorialspoint.com//linq/index.htm,
Microsoft Technologies,Learn MFC,https://www.tutorialspoint.com//mfc/index.htm,
Microsoft Technologies,Learn Microsoft Azure,https://www.tutorialspoint.com//microsoft_azure/index.htm,
Microsoft Technologies,Learn Microsoft CRM,https://www.tutorialspoint.com//microsoft_crm/index.htm,
Microsoft Technologies,Microsoft Expression Web,https://www.tutorialspoint.com//microsoft_expression_web/index.htm,
Microsoft Technologies,Microsoft Visio,https://www.tutorialspoint.com//microsoft_visio/index.htm,
Microsoft Technologies,Learn MicroStrategy,https://www.tutorialspoint.com//microstrategy/index.htm,
Microsoft Technologies,Learn Microsoft Access,https://www.tutorialspoint.com//ms_access/index.htm,
Microsoft Technologies,Learn Microsoft Project,https://www.tutorialspoint.com//ms_project/index.htm,
Microsoft Technologies,Learn MS SQl Server,https://www.tutorialspoint.com//ms_sql_server/index.htm,
Microsoft Technologies,Learn MVVM,https://www.tutorialspoint.com//mvvm/index.htm,
Microsoft Technologies,Learn NHibernate,https://www.tutorialspoint.com//nhibernate/index.htm,
Microsoft Technologies,Learn Powerpoint,https://www.tutorialspoint.com//powerpoint/index.htm,
Microsoft Technologies,Learn Powershell,https://www.tutorialspoint.com//powershell/index.htm,
Microsoft Technologies,Learn Sharepoint,https://www.tutorialspoint.com//sharepoint/index.htm,
Microsoft Technologies,Learn Silverlight,https://www.tutorialspoint.com//silverlight/index.htm,
Microsoft Technologies,Learn VB.Net,https://www.tutorialspoint.com//vb.net/index.htm,
Microsoft Technologies,Learn VBA,https://www.tutorialspoint.com//vba/index.htm,
Microsoft Technologies,Learn WCF,https://www.tutorialspoint.com//wcf/index.htm,
Microsoft Technologies,Windows Server 12,https://www.tutorialspoint.com//windows_server_2012/index.htm,
Microsoft Technologies,Windows 10 Development,https://www.tutorialspoint.com//windows10_development/index.htm,
Microsoft Technologies,Learn Windows 10,https://www.tutorialspoint.com//windows10/index.htm,
Microsoft Technologies,Learn Word,https://www.tutorialspoint.com//word/index.htm,
Microsoft Technologies,Learn WPF,https://www.tutorialspoint.com//wpf/index.htm,
Microsoft Technologies,Learn XAML,https://www.tutorialspoint.com//xaml/index.htm,
Mobile Development,Learn Android,https://www.tutorialspoint.com//android/index.htm,
Mobile Development,Learn Aurelia,https://www.tutorialspoint.com//aurelia/index.htm,
Mobile Development,Learn Cordova,https://www.tutorialspoint.com//cordova/index.htm,
Mobile Development,Learn Ionic,https://www.tutorialspoint.com//ionic/index.htm,
Mobile Development,Learn iOS,https://www.tutorialspoint.com//ios/index.htm,
Mobile Development,iOS Development with Swift2,https://www.tutorialspoint.com//ios_development_with_swift2/index.htm,
Mobile Development,Learn jQuery Mobile,https://www.tutorialspoint.com//jquery_mobile/index.htm,
Mobile Development,Learn Kotlin,https://www.tutorialspoint.com//kotlin/index.htm,
Mobile Development,Learn Meteor,https://www.tutorialspoint.com//meteor/index.htm,
Mobile Development,Learn PhoneGap,https://www.tutorialspoint.com//phonegap/index.htm,
Mobile Development,Learn React Native,https://www.tutorialspoint.com//react_native/index.htm,
Mobile Development,Learn SL4A,https://www.tutorialspoint.com//sl4a/index.htm,
Mobile Development,Learn Xamarin,https://www.tutorialspoint.com//xamarin/index.htm,
Telecom,Learn 5G,https://www.tutorialspoint.com//5g/index.htm,
Telecom,Learn CDMA,https://www.tutorialspoint.com//cdma/index.htm,
Telecom,Learn FTTH,https://www.tutorialspoint.com//ftth/index.htm,
Telecom,Learn GPRS,https://www.tutorialspoint.com//gprs/index.htm,
Telecom,Learn GSM,https://www.tutorialspoint.com//gsm/index.htm,
Telecom,Learn i-Mode,https://www.tutorialspoint.com//i-mode/index.htm,
Telecom,Learn LTE,https://www.tutorialspoint.com//lte/index.htm,
Telecom,Learn NGN,https://www.tutorialspoint.com//ngn/index.htm,
Telecom,Learn SIP,https://www.tutorialspoint.com//session_initiation_protocol/index.htm,
Telecom,Learn Telecom Billing,https://www.tutorialspoint.com//telecom-billing/index.htm,
Telecom,Telecommunication Switching Systems and Networks (TSSN),https://www.tutorialspoint.com//telecommunication_switching_systems_and_networks/index.htm,
Telecom,Learn UMTS,https://www.tutorialspoint.com//umts/index.htm,
Telecom,Learn WAP,https://www.tutorialspoint.com//wap/index.htm,
Telecom,Learn Wi-Fi,https://www.tutorialspoint.com//wi-fi/index.htm,
Telecom,Learn WiMAX,https://www.tutorialspoint.com//wimax/index.htm,
Telecom,Learn WML,https://www.tutorialspoint.com//wml/index.htm,
Exams Syllabus,Bihar PSC Syllabus,https://www.tutorialspoint.com//bihar_psc_syllabus/index.htm,
Exams Syllabus,CBSE Syllabus,https://www.tutorialspoint.com//cbse_syllabus/index.htm,
Exams Syllabus,CDS Syllabus,https://www.tutorialspoint.com//cds_syllabus/index.htm,
Exams Syllabus,Chhattisgarh PSC Syllabus,https://www.tutorialspoint.com//chhattisgarh_psc_syllabus/index.htm,
Exams Syllabus,Civil Services Exam Syllabus,https://www.tutorialspoint.com//civil_services_exam_syllabus/index.htm,
Exams Syllabus,GATE Exams Syllabus,https://www.tutorialspoint.com//gate_syllabus/index.htm,
Exams Syllabus,IBPS PO Syllabus,https://www.tutorialspoint.com//ibps_po_syllabus/index.htm,
Exams Syllabus,Madhya Pradesh PSC Syllabus,https://www.tutorialspoint.com//madhya_pradesh_psc_syllabus/index.htm,
Exams Syllabus,NDA Syllabus,https://www.tutorialspoint.com//nda_syllabus/index.htm,
Exams Syllabus,Rajasthan PSC Syllabus,https://www.tutorialspoint.com//rajasthan_psc_syllabus/index.htm,
Exams Syllabus,SBI PO Syllabus,https://www.tutorialspoint.com//sbi_po_syllabus/index.htm,
Exams Syllabus,Uttar Pradesh PSC Syllabus,https://www.tutorialspoint.com//uttar_pradesh_psc_syllabus/index.htm,
UPSC IAS Exams,Biology Part 1,https://www.tutorialspoint.com//biology_part1/index.htm,
UPSC IAS Exams,Biology Part 2,https://www.tutorialspoint.com//biology_part2/index.htm,
UPSC IAS Exams,Chemistry Part 1,https://www.tutorialspoint.com//chemistry_part1/index.htm,
UPSC IAS Exams,Chemistry Part 2,https://www.tutorialspoint.com//chemistry_part2/index.htm,
UPSC IAS Exams,Physics Part 1,https://www.tutorialspoint.com//physics_part1/index.htm,
UPSC IAS Exams,Physics Part 2,https://www.tutorialspoint.com//physics_part2/index.htm,
UPSC IAS Exams,Current Affairs 2016,https://www.tutorialspoint.com//current_affairs_2016/index.htm,
UPSC IAS Exams,Current Affairs 2017,https://www.tutorialspoint.com//current_affairs_2017/index.htm,
UPSC IAS Exams,Current Affairs 2018,https://www.tutorialspoint.com//current_affairs_2018/index.htm,
UPSC IAS Exams,Quantitative Aptitude Tutorial,https://www.tutorialspoint.com//quantitative_aptitude/index.htm,
UPSC IAS Exams,Geography Tutorial,https://www.tutorialspoint.com//geography/index.htm,
UPSC IAS Exams,Indian Economy Tutorial,https://www.tutorialspoint.com//indian_economy/index.htm,
UPSC IAS Exams,Indian Polity Tutorial,https://www.tutorialspoint.com//indian_polity/index.htm,
UPSC IAS Exams,Ancient Indian History,https://www.tutorialspoint.com//ancient_indian_history/index.htm,
UPSC IAS Exams,Modern Indian History,https://www.tutorialspoint.com//modern_indian_history/index.htm,
UPSC IAS Exams,Medieval Indian History,https://www.tutorialspoint.com//medieval_indian_history/index.htm,
UPSC IAS Exams,General Knowledge Tutorial,https://www.tutorialspoint.com//general_knowledge/index.htm,
UPSC IAS Exams,Verbal Ability Tutorial,https://www.tutorialspoint.com//verbal_ability/index.htm,
UPSC IAS Exams,Reasoning Tutorial,https://www.tutorialspoint.com//reasoning/index.htm,
Monuments,Adhai Din Ka Jhonpra,https://www.tutorialspoint.com//adhai_din_ka_jhonpra/index.htm,
Monuments,Aihole Temples,https://www.tutorialspoint.com//aihole/index.htm,
Monuments,Ajanta Caves,https://www.tutorialspoint.com//ajanta_caves/index.htm,
Monuments,Agra Fort,https://www.tutorialspoint.com//agra_fort/index.htm,
Monuments,Aguada Fort,https://www.tutorialspoint.com//aguada_fort/index.htm,
Monuments,Akbars Tomb,https://www.tutorialspoint.com//akbars_tomb/index.htm,
Monuments,Amer Fort,https://www.tutorialspoint.com//amer_fort/index.htm,
Monuments,Badami Caves,https://www.tutorialspoint.com//badami_caves/index.htm,
Monuments,Bandel Church,https://www.tutorialspoint.com//bandel_church/index.htm,
Monuments,Basilica of Bom Jesus Church,https://www.tutorialspoint.com//basilica_of_bom_jesus_church/index.htm,
Monuments,Bhadra Fort,https://www.tutorialspoint.com//bhadra_fort/index.htm,
Monuments,Bara Imambara,https://www.tutorialspoint.com//bara_imambara/index.htm,
Monuments,Bibi ka Maqbara,https://www.tutorialspoint.com//bibi_ka_maqbara/index.htm,
Monuments,Bijapur Fort,https://www.tutorialspoint.com//bijapur_fort/index.htm,
Monuments,Brihadeeswara Temple,https://www.tutorialspoint.com//brihadeeswara_temple/index.htm,
Monuments,Chittorgarh Fort,https://www.tutorialspoint.com//chittorgarh_fort/index.htm,
Monuments,Chunar Fort,https://www.tutorialspoint.com//chunar_fort/index.htm,
Monuments,Diu Fort,https://www.tutorialspoint.com//diu_fort/index.htm,
Monuments,Fatehpur Sikri Fort,https://www.tutorialspoint.com//fatehpur_sikri_fort/index.htm,
Monuments,Feroz Shah Kotla Fort,https://www.tutorialspoint.com//feroz_shah_kotla_fort/index.htm,
Monuments,Golconda Fort,https://www.tutorialspoint.com//golconda_fort/index.htm,
Monuments,Golden Temple,https://www.tutorialspoint.com//golden_temple/index.htm,
Monuments,Gwalior Fort,https://www.tutorialspoint.com//gwalior_fort/index.htm,
Monuments,Jahanpanah Fort,https://www.tutorialspoint.com//jahanpanah_fort/index.htm,
Monuments,Jagannath Temple,https://www.tutorialspoint.com//jagannath_temple/index.htm,
Monuments,Jaigarh Fort,https://www.tutorialspoint.com//jaigarh_fort/index.htm,
Monuments,Jaisalmer Fort,https://www.tutorialspoint.com//jaisalmer_fort/index.htm,
Monuments,Junagarh Fort,https://www.tutorialspoint.com//junagarh_fort/index.htm,
Monuments,Kumbhalgarh Fort,https://www.tutorialspoint.com//kumbhalgarh_fort/index.htm,
Monuments,Lohagarh Fort,https://www.tutorialspoint.com//lohagarh_fort/index.htm,
Monuments,Mehrangarh Fort,https://www.tutorialspoint.com//mehrangarh_fort/index.htm,
Monuments,Purana Qila,https://www.tutorialspoint.com//purana_qila/index.htm,
Monuments,Ranthambore Fort,https://www.tutorialspoint.com//ranthambore_fort/index.htm,
Monuments,Red Fort,https://www.tutorialspoint.com//red_fort/index.htm,
Monuments,Rohtasgarh Fort,https://www.tutorialspoint.com//rohtasgarh_fort/index.htm,
Monuments,Salimgarh Fort,https://www.tutorialspoint.com//salimgarh_fort/index.htm,
Monuments,Taj Mahal,https://www.tutorialspoint.com//taj_mahal/index.htm,
Web Development,Learn Ajax,https://www.tutorialspoint.com//ajax/index.htm,
Web Development,Learn Amazon Web Services,https://www.tutorialspoint.com//amazon_web_services/index.htm,
Web Development,Learn Angular Material,https://www.tutorialspoint.com//angular_material/index.htm,
Web Development,Learn Angular2,https://www.tutorialspoint.com//angular2/index.htm,
Web Development,Learn Angular4,https://www.tutorialspoint.com//angular4/index.htm,
Web Development,Learn AngularJS,https://www.tutorialspoint.com//angularjs/index.htm,
Web Development,Learn Apache Tapestry,https://www.tutorialspoint.com//apache_tapestry/index.htm,
Web Development,Learn ASP.Net,https://www.tutorialspoint.com//asp.net/index.htm,
Web Development,Learn Aurelia,https://www.tutorialspoint.com//aurelia/index.htm,
Web Development,Learn Axure RP,https://www.tutorialspoint.com//axure_rp/index.htm,
Web Development,Learn BackboneJS,https://www.tutorialspoint.com//backbonejs/index.htm,
Web Development,Learn Bootstrap,https://www.tutorialspoint.com//bootstrap/index.htm,
Web Development,Learn CakePHP,https://www.tutorialspoint.com//cakephp/index.htm,
Web Development,Learn CherryPy,https://www.tutorialspoint.com//cherrypy/index.htm,
Web Development,Learn Codeigniter,https://www.tutorialspoint.com//codeigniter/index.htm,
Web Development,Learn CoffeeScript,https://www.tutorialspoint.com//coffeescript/index.htm,
Web Development,Learn CPanel,https://www.tutorialspoint.com//cpanel/index.htm,
Web Development,Learn CSS,https://www.tutorialspoint.com//css/index.htm,
Web Development,Learn CSS Buttons,https://www.tutorialspoint.com//css_buttons/index.htm,
Web Development,Learn D3JS,https://www.tutorialspoint.com//d3js/index.htm,
Web Development,Learn DC.js,https://www.tutorialspoint.com//dcjs/index.htm,
Web Development,Learn Django,https://www.tutorialspoint.com//django/index.htm,
Web Development,Learn Drupal,https://www.tutorialspoint.com//drupal/index.htm,
Web Development,Learn Electron,https://www.tutorialspoint.com//electron/index.htm,
Web Development,Learn EmberJS,https://www.tutorialspoint.com//emberjs/index.htm,
Web Development,Learn ExpressJS,https://www.tutorialspoint.com//expressjs/index.htm,
Web Development,Learn ExtJS,https://www.tutorialspoint.com//extjs/index.htm,
Web Development,Learn ES6,https://www.tutorialspoint.com//es6/index.htm,
Web Development,Learn Firebase,https://www.tutorialspoint.com//firebase/index.htm,
Web Development,Learn Flask,https://www.tutorialspoint.com//flask/index.htm,
Web Development,Learn Adobe Flex,https://www.tutorialspoint.com//flex/index.htm,
Web Development,Learn Flexbox,https://www.tutorialspoint.com//flexbox/index.htm,
Web Development,Learn Foundation,https://www.tutorialspoint.com//foundation/index.htm,
Web Development,Learn Framework7,https://www.tutorialspoint.com//framework7/index.htm,
Web Development,Learn FuelPHP,https://www.tutorialspoint.com//fuelphp/index.htm,
Web Development,Learn Google Maps,https://www.tutorialspoint.com//google_maps/index.htm,
Web Development,Learn Grav,https://www.tutorialspoint.com//grav/index.htm,
Web Development,Learn Grunt,https://www.tutorialspoint.com//grunt/index.htm,
Web Development,Learn Gulp,https://www.tutorialspoint.com//gulp/index.htm,
Web Development,Learn GWT,https://www.tutorialspoint.com//gwt/index.htm,
Web Development,Learn GWT Google Charts,https://www.tutorialspoint.com//gwt_googlecharts/index.htm,
Web Development,Learn GWT High Charts,https://www.tutorialspoint.com//gwt_highcharts/index.htm,
Web Development,Learn Highcharts,https://www.tutorialspoint.com//highcharts/index.htm,
Web Development,Learn HTML,https://www.tutorialspoint.com//html/index.htm,
Web Development,Learn HTML5,https://www.tutorialspoint.com//html5/index.htm,
Web Development,Learn HTTP,https://www.tutorialspoint.com//http/index.htm,
Web Development,Learn JasmineJS,https://www.tutorialspoint.com//jasminejs/index.htm,
Web Development,Learn JavaScript,https://www.tutorialspoint.com//javascript/index.htm,
Web Development,Learn Joomla,https://www.tutorialspoint.com//joomla/index.htm,
Web Development,Learn jQuery,https://www.tutorialspoint.com//jquery/index.htm,
Web Development,Learn jQueryUI,https://www.tutorialspoint.com//jqueryui/index.htm,
Web Development,Learn JSF,https://www.tutorialspoint.com//jsf/index.htm,
Web Development,Learn KnockoutJS,https://www.tutorialspoint.com//knockoutjs/index.htm,
Web Development,Learn KoaJS,https://www.tutorialspoint.com//koajs/index.htm,
Web Development,Learn Laravel,https://www.tutorialspoint.com//laravel/index.htm,
Web Development,Learn LESS,https://www.tutorialspoint.com//less/index.htm,
Web Development,Learn LeafletJS,https://www.tutorialspoint.com//leafletjs/index.htm,
Web Development,Learn MathML,https://www.tutorialspoint.com//mathml/index.htm,
Web Development,Learn Magento Framework,https://www.tutorialspoint.com//magento/index.htm,
Web Development,Material Design Lite,https://www.tutorialspoint.com//materialdesignlite/index.htm,
Web Development,Learn Materialize,https://www.tutorialspoint.com//materialize/index.htm,
Web Development,Learn Mootools,https://www.tutorialspoint.com//mootools/index.htm,
Web Development,Learn MVC Framework,https://www.tutorialspoint.com//mvc_framework/index.htm,
Web Development,Learn PhantomJS,https://www.tutorialspoint.com//phantomjs/index.htm,
Web Development,Learn Phalcon,https://www.tutorialspoint.com//phalcon/index.htm,
Web Development,Learn Prototype,https://www.tutorialspoint.com//prototype/index.htm,
Web Development,Learn Polymer,https://www.tutorialspoint.com//polymer/index.htm,
Web Development,Learn Pure.CSS,https://www.tutorialspoint.com//purecss/index.htm,
Web Development,Learn RichFaces,https://www.tutorialspoint.com//richfaces/index.htm,
Web Development,Learn ReactJS,https://www.tutorialspoint.com//reactjs/index.htm,
Web Development,Learn RequireJS,https://www.tutorialspoint.com//requirejs/index.htm,
Web Development,RESTful Web Services,https://www.tutorialspoint.com//restful/index.htm,
Web Development,Learn Ruby on Rails-2.1,https://www.tutorialspoint.com//ruby-on-rails-2.1/index.htm,
Web Development,Learn Ruby on Rails,https://www.tutorialspoint.com//ruby-on-rails/index.htm,
Web Development,Learn SASS,https://www.tutorialspoint.com//sass/index.htm,
Web Development,Learn Sencha Touch,https://www.tutorialspoint.com//sencha_touch/index.htm,
Web Development,Learn script.aculo.us,https://www.tutorialspoint.com//script.aculo.us/index.htm,
Web Development,Learn SVG,https://www.tutorialspoint.com//svg/index.htm,
Web Development,Learn Symfony,https://www.tutorialspoint.com//symfony/index.htm,
Web Development,Learn TurboGears,https://www.tutorialspoint.com//turbogears/index.htm,
Web Development,Learn Typescript,https://www.tutorialspoint.com//typescript/index.htm,
Web Development,Learn Vaadin,https://www.tutorialspoint.com//vaadin/index.htm,
Web Development,Learn VBScript,https://www.tutorialspoint.com//vbscript/index.htm,
Web Development,Learn VueJS,https://www.tutorialspoint.com//vuejs/index.htm,
Web Development,Learn W3CSS,https://www.tutorialspoint.com//w3css/index.htm,
Web Development,Web Developer's Guide,https://www.tutorialspoint.com//web_developers_guide/index.htm,
Web Development,Learn Web Icons,https://www.tutorialspoint.com//web_icons/index.htm,
Web Development,Learn Web2Py,https://www.tutorialspoint.com//web2py/index.htm,
Web Development,Learn WebGL,https://www.tutorialspoint.com//webgl/index.htm,
Web Development,Learn WebRTC,https://www.tutorialspoint.com//webrtc/index.htm,
Web Development,Learn Web Services,https://www.tutorialspoint.com//webservices/index.htm,
Web Development,Learn Website Development,https://www.tutorialspoint.com//website_development/index.htm,
Web Development,Learn Web Sockets,https://www.tutorialspoint.com//websockets/index.htm,
Web Development,Learn Wordpress,https://www.tutorialspoint.com//wordpress/index.htm,
Web Development,Learn XHTML,https://www.tutorialspoint.com//xhtml/index.htm,
Web Development,Learn Yii,https://www.tutorialspoint.com//yii/index.htm,
Web Development,Learn Zend Framework,https://www.tutorialspoint.com//zend_framework/index.htm,
Mathematics,3D Figures and Volumes,https://www.tutorialspoint.com//3d_figures_and_volumes/index.htm,
Mathematics,Angles Lines and Polygons,https://www.tutorialspoint.com//angles_lines_and_polygons/index.htm,
Mathematics,Add and Subtract Fractions,https://www.tutorialspoint.com//add_and_subtract_fractions/index.htm,
Mathematics,Add and Subtract Whole Numbers,https://www.tutorialspoint.com//add_and_subtract_whole_numbers/index.htm,
Mathematics,Add and Subtract Decimal Numbers,https://www.tutorialspoint.com//adding_and_subtracting_decimals/index.htm,
Mathematics,Circumference and Area of Circles,https://www.tutorialspoint.com//circumference_and_area_of_circles/index.htm,
Mathematics,Convert between Fraction, Decimal & Percents,https://www.tutorialspoint.com//converting_between_fractions_decimals_percents/index.htm
Mathematics,Converting Fractions to Decimals,https://www.tutorialspoint.com//converting_fractions_to_decimals/index.htm,
Mathematics,Converting Decimals to Fractions,https://www.tutorialspoint.com//converting_decimals_to_fractions/index.htm,
Mathematics,Equations and Applications,https://www.tutorialspoint.com//equations_and_applications/index.htm,
Mathematics,Equivalent Plotting Ordering,https://www.tutorialspoint.com//equivalent_plotting_ordering_fractions/index.htm,
Mathematics,Evaluating and Writing Expressions,https://www.tutorialspoint.com//evaluating_and_writing_expressions/index.htm,
Mathematics,Finding Percents and Percent Equation,https://www.tutorialspoint.com//finding_percents_and_percent_equations/index.htm,
Mathematics,Mean, Median and Mode,https://www.tutorialspoint.com//mean_median_and_mode/index.htm
Mathematics,Metric Units of Measurement,https://www.tutorialspoint.com//metric_units_of_measurement/index.htm,
Mathematics,Mixed Numbers,https://www.tutorialspoint.com//mixed_numbers/index.htm,
Mathematics,Multiply and Divide Decimal Numbers,https://www.tutorialspoint.com//multiply_and_divide_decimals/index.htm,
Mathematics,Multiply and Divide Fractions,https://www.tutorialspoint.com//multiply_and_divide_fractions/index.htm,
Mathematics,Multiply and Divide Whole Numbers,https://www.tutorialspoint.com//multiply_and_divide_whole_numbers/index.htm,
Mathematics,Ordered Pairs,https://www.tutorialspoint.com//ordered_pairs/index.htm,
Mathematics,Ordering and Rounding,https://www.tutorialspoint.com//ordering_rounding_and_order_of_operations/index.htm,
Mathematics,Operations with Integers,https://www.tutorialspoint.com//operations_with_integers/index.htm,
Mathematics,Percentage Increase and Decrease,https://www.tutorialspoint.com//percentage_increase_and_decrease/index.htm,
Mathematics,Perimeter and Area,https://www.tutorialspoint.com//perimeter_and_area/index.htm,
Mathematics,Perimeter and Area of Polygons,https://www.tutorialspoint.com//perimeter_and_area_of_polygons/index.htm,
Mathematics,Place value Ordering and Rounding,https://www.tutorialspoint.com//place_value_ordering_and_rounding/index.htm,
Mathematics,Plotting and Comparing Signed Numbers,https://www.tutorialspoint.com//plotting_and_comparing_signed_numbers/index.htm,
Mathematics,Prime Numbers Factors and Multiples,https://www.tutorialspoint.com//prime_numbers_factors_and_multiples/index.htm,
Mathematics,Properties of Real Numbers,https://www.tutorialspoint.com//properties_of_real_numbers/index.htm,
Mathematics,Ratios and Unit Rates,https://www.tutorialspoint.com//ratios_and_unit_rates/index.htm,
Mathematics,Surface Areas,https://www.tutorialspoint.com//surface_areas/index.htm,
Mathematics,Tables Graphs Functions and Sequences,https://www.tutorialspoint.com//tables_graphs_functions_and_sequences/index.htm,
Mathematics,Writing and Solving one Step Equations,https://www.tutorialspoint.com//writing_and_solving_one_step_equations/index.htm,
Mathematics,Writing Graphing and Solving Inequalities,https://www.tutorialspoint.com//writing_graphing_and_solving_inequalities/index.htm,
Mathematics,US Customary Units,https://www.tutorialspoint.com//us_customary_units/index.htm,
Academic,CBSE Syllabus,https://www.tutorialspoint.com//cbse_syllabus/index.htm,
Academic,Amplifiers,https://www.tutorialspoint.com//amplifiers/index.htm,
Academic,Learn Accounting Basics,https://www.tutorialspoint.com//accounting_basics/index.htm,
Academic,Adaptive Software Development,https://www.tutorialspoint.com//adaptive_software_development/index.htm,
Academic,Learn Agile Methodology,https://www.tutorialspoint.com//agile/index.htm,
Academic,Learn Analog Communication,https://www.tutorialspoint.com//analog_communication/index.htm,
Academic,Learn Antenna Theory,https://www.tutorialspoint.com//antenna_theory/index.htm,
Academic,Learn Artificial Intelligence,https://www.tutorialspoint.com//artificial_intelligence/index.htm,
Academic,Learn Artificial Neural Network,https://www.tutorialspoint.com//artificial_neural_network/index.htm,
Academic,Learn Automata Theory,https://www.tutorialspoint.com//automata_theory/index.htm,
Academic,Auditing,https://www.tutorialspoint.com//auditing/index.htm,
Academic,Learn Basics of Computers,https://www.tutorialspoint.com//basics_of_computers/index.htm,
Academic,Learn Basics of Computers Science,https://www.tutorialspoint.com//basics_of_computer_science/index.htm,
Academic,Learn Basic Electronics,https://www.tutorialspoint.com//basic_electronics/index.htm,
Academic,Learn Behavior Driven Development,https://www.tutorialspoint.com//behavior_driven_development/index.htm,
Academic,Learn Biometrics,https://www.tutorialspoint.com//biometrics/index.htm,
Academic,Learn Cloud Computing,https://www.tutorialspoint.com//cloud_computing/index.htm,
Academic,Learn Compiler Design,https://www.tutorialspoint.com//compiler_design/index.htm,
Academic,Learn Computer Fundamentals,https://www.tutorialspoint.com//computer_fundamentals/index.htm,
Academic,Learn Computer Graphics,https://www.tutorialspoint.com//computer_graphics/index.htm,
Academic,Computer Logical Organization,https://www.tutorialspoint.com//computer_logical_organization/index.htm,
Academic,Computer Programming,https://www.tutorialspoint.com//computer_programming/index.htm,
Academic,Communication Technologies,https://www.tutorialspoint.com//communication_technologies/index.htm,
Academic,Control Systems,https://www.tutorialspoint.com//control_systems/index.htm,
Academic,Convex Optimization,https://www.tutorialspoint.com//convex_optimization/index.htm,
Academic,Learn Cryptography,https://www.tutorialspoint.com//cryptography/index.htm,
Academic,Learn Cosmology,https://www.tutorialspoint.com//cosmology/index.htm,
Academic,Computer Networking,https://www.tutorialspoint.com//data_communication_computer_network/index.htm,
Academic,Learn Data Mining,https://www.tutorialspoint.com//data_mining/index.htm,
Academic,Data Structure & Algorithms,https://www.tutorialspoint.com//data_structures_algorithms/index.htm,
Academic,Design and Analysis of Algorithms,https://www.tutorialspoint.com//design_and_analysis_of_algorithms/index.htm,
Academic,Learn DBMS,https://www.tutorialspoint.com//dbms/index.htm,
Academic,Learn Digital Communication,https://www.tutorialspoint.com//digital_communication/index.htm,
Academic,Learn Digital Circuits,https://www.tutorialspoint.com//digital_circuits/index.htm,
Academic,Digital Signal Processing,https://www.tutorialspoint.com//digital_signal_processing/index.htm,
Academic,Digital Image Processing,https://www.tutorialspoint.com//dip/index.htm,
Academic,Discrete Mathematics,https://www.tutorialspoint.com//discrete_mathematics/index.htm,
Academic,Learn Distributed DBMS,https://www.tutorialspoint.com//distributed_dbms/index.htm,
Academic,Learn DSL,https://www.tutorialspoint.com//dsl/index.htm,
Academic,Learn Data Warehouse,https://www.tutorialspoint.com//dwh/index.htm,
Academic,Learn E-Commerce,https://www.tutorialspoint.com//e_commerce/index.htm,
Academic,Learn Electronic Circuits,https://www.tutorialspoint.com//electronic_circuits/index.htm,
Academic,Learn Electronic Measuring Instruments,https://www.tutorialspoint.com//electronic_measuring_instruments/index.htm,
Academic,Learn Embedded Systems,https://www.tutorialspoint.com//embedded_systems/index.htm,
Academic,Learn Environmental Studies,https://www.tutorialspoint.com//environmental_studies/index.htm,
Academic,Learn Engineering Ethics,https://www.tutorialspoint.com//engineering_ethics/index.htm,
Academic,Learn Estimation Techniques,https://www.tutorialspoint.com//estimation_techniques/index.htm,
Academic,Learn Extreme Programming,https://www.tutorialspoint.com//extreme_programming/index.htm,
Academic,Learn Financial Accounting,https://www.tutorialspoint.com//financial_accounting/index.htm,
Academic,Learn Functional  Programming,https://www.tutorialspoint.com//functional_programming/index.htm,
Academic,Fundamentals of Science and Technology,https://www.tutorialspoint.com//fundamentals_of_science_and_technology/index.htm,
Academic,Learn Fuzzy Logic,https://www.tutorialspoint.com//fuzzy_logic/index.htm,
Academic,Learn GATE Syllabus,https://www.tutorialspoint.com//gate_syllabus/index.htm,
Academic,Learn Genetic Algorithms,https://www.tutorialspoint.com//genetic_algorithms/index.htm,
Academic,Learn Graph Theory,https://www.tutorialspoint.com//graph_theory/index.htm,
Academic,Learn HTTP,https://www.tutorialspoint.com//http/index.htm,
Academic,Learn Human Computer Interface,https://www.tutorialspoint.com//human_computer_interface/index.htm,
Academic,Information Security and Cyber Law,https://www.tutorialspoint.com//information_security_cyber_law/index.htm,
Academic,Internet of Things (IoT),https://www.tutorialspoint.com//internet_of_things/index.htm,
Academic,Internet Technologies,https://www.tutorialspoint.com//internet_technologies/index.htm,
Academic,Learn IPv4,https://www.tutorialspoint.com//ipv4/index.htm,
Academic,Learn IPv6,https://www.tutorialspoint.com//ipv6/index.htm,
Academic,Image Processing with Java,https://www.tutorialspoint.com//java_dip/index.htm,
Academic,Mgmt Information System,https://www.tutorialspoint.com//management_information_system/index.htm,
Academic,Learn Microprocessor,https://www.tutorialspoint.com//microprocessor/index.htm,
Academic,Microservice Architecture,https://www.tutorialspoint.com//microservice_architecture/index.htm,
Academic,Learn Microwave Engineering,https://www.tutorialspoint.com//microwave_engineering/index.htm,
Academic,Learn Mobile Computing,https://www.tutorialspoint.com//mobile_computing/index.htm,
Academic,Mobile Learning Essentials,https://www.tutorialspoint.com//mobile_learning_essentials/index.htm,
Academic,Modelling and Simulation,https://www.tutorialspoint.com//modelling_and_simulation/index.htm,
Academic,Learn Network Theory,https://www.tutorialspoint.com//network_theory/index.htm,
Academic,Learn OOAD,https://www.tutorialspoint.com//object_oriented_analysis_design/index.htm,
Academic,Learn OpenNLP,https://www.tutorialspoint.com//opennlp/index.htm,
Academic,Learn OpenCV,https://www.tutorialspoint.com//opencv/index.htm,
Academic,Learn Operating System,https://www.tutorialspoint.com//operating_system/index.htm,
Academic,Optical Networks,https://www.tutorialspoint.com//optical_networks/index.htm,
Academic,Learn Parallel Algorithm,https://www.tutorialspoint.com//parallel_algorithm/index.htm,
Academic,Parallel Computer Architecture,https://www.tutorialspoint.com//parallel_computer_architecture/index.htm,
Academic,Learn Power Electronics,https://www.tutorialspoint.com//power_electronics/index.htm,
Academic,Principles of Communication,https://www.tutorialspoint.com//principles_of_communication/index.htm,
Academic,Programming Methodologies,https://www.tutorialspoint.com//programming_methodologies/index.htm,
Academic,Pulse Circuits,https://www.tutorialspoint.com//pulse_circuits/index.htm,
Academic,Renewable Energy,https://www.tutorialspoint.com//renewable_energy/index.htm,
Academic,Satellite Communication,https://www.tutorialspoint.com//satellite_communication/index.htm,
Academic,S/W Development Life Cycle (SDLC),https://www.tutorialspoint.com//sdlc/index.htm,
Academic,Semiconductor Devices,https://www.tutorialspoint.com//semiconductor_devices/index.htm,
Academic,Learn SEO Techniques,https://www.tutorialspoint.com//seo/index.htm,
Academic,Signals and Systems,https://www.tutorialspoint.com//signals_and_systems/index.htm,
Academic,Sinusoidal Oscillator,https://www.tutorialspoint.com//sinusoidal_oscillators/index.htm,
Academic,Learn SOA,https://www.tutorialspoint.com//soa/index.htm,
Academic,Learn SOAP,https://www.tutorialspoint.com//soap/index.htm,
Academic,Software Architecture Design,https://www.tutorialspoint.com//software_architecture_design/index.htm,
Academic,Software Engineering,https://www.tutorialspoint.com//software_engineering/index.htm,
Academic,Learn Statistics,https://www.tutorialspoint.com//statistics/index.htm,
Academic,Learn VLSI Design,https://www.tutorialspoint.com//vlsi_design/index.htm,
Academic,Learn Wireless Communication,https://www.tutorialspoint.com//wireless_communication/index.htm,
Academic,Learn UDDI,https://www.tutorialspoint.com//uddi/index.htm,
Academic,Learn UML,https://www.tutorialspoint.com//uml/index.htm,
Academic,Learn Unix Sockets,https://www.tutorialspoint.com//unix_sockets/index.htm,
Software Quality,Learn Agile Testing,https://www.tutorialspoint.com//agile_testing/index.htm,
Software Quality,Learn Apache Bench,https://www.tutorialspoint.com//apache_bench/index.htm,
Software Quality,Learn Balsamiq Mockups,https://www.tutorialspoint.com//balsamiq_mockups/index.htm,
Software Quality,Learn Bugzilla,https://www.tutorialspoint.com//bugzilla/index.htm,
Software Quality,Learn SEI CMMI,https://www.tutorialspoint.com//cmmi/index.htm,
Software Quality,Learn Computer Security,https://www.tutorialspoint.com//computer_security/index.htm,
Software Quality,Learn Concordion,https://www.tutorialspoint.com//concordion/index.htm,
Software Quality,Learn Continuous Integration,https://www.tutorialspoint.com//continuous_integration/index.htm,
Software Quality,Learn Cucumber,https://www.tutorialspoint.com//cucumber/index.htm,
Software Quality,Learn Database Testing,https://www.tutorialspoint.com//database_testing/index.htm,
Software Quality,Learn Ethical Hacking,https://www.tutorialspoint.com//ethical_hacking/index.htm,
Software Quality,Learn ETL Testing,https://www.tutorialspoint.com//etl_testing/index.htm,
Software Quality,Learn Internet Security,https://www.tutorialspoint.com//internet_security/index.htm,
Software Quality,Learn Jenkins,https://www.tutorialspoint.com//jenkins/index.htm,
Software Quality,Learn Kali Linux,https://www.tutorialspoint.com//kali_linux/index.htm,
Software Quality,Learn Malware Removal,https://www.tutorialspoint.com//malware_removal/index.htm,
Software Quality,Learn Metasploit,https://www.tutorialspoint.com//metasploit/index.htm,
Software Quality,Learn Mobile Security,https://www.tutorialspoint.com//mobile_security/index.htm,
Software Quality,Learn Mobile Testing,https://www.tutorialspoint.com//mobile_testing/index.htm,
Software Quality,Learn Mockito,https://www.tutorialspoint.com//mockito/index.htm,
Software Quality,Learn Network Security,https://www.tutorialspoint.com//network_security/index.htm,
Software Quality,Learn Penetration Testing,https://www.tutorialspoint.com//penetration_testing/index.htm,
Software Quality,Learn QC,https://www.tutorialspoint.com//qc/index.htm,
Software Quality,Learn QTP,https://www.tutorialspoint.com//qtp/index.htm,
Software Quality,Learn QUnit,https://www.tutorialspoint.com//qunit/index.htm,
Software Quality,Learn QTest,https://www.tutorialspoint.com//qtest/index.htm,
Software Quality,Learn RSpec,https://www.tutorialspoint.com//rspec/index.htm,
Software Quality,Learn SAP Testing,https://www.tutorialspoint.com//sap_testing/index.htm,
Software Quality,Learn Security Testing,https://www.tutorialspoint.com//security_testing/index.htm,
Software Quality,Learn Selenium,https://www.tutorialspoint.com//selenium/index.htm,
Software Quality,Learn Six Sigma,https://www.tutorialspoint.com//six_sigma/index.htm,
Software Quality,Software Testing Dictionary,https://www.tutorialspoint.com//software_testing_dictionary/index.htm,
Software Quality,Learn Software Testing,https://www.tutorialspoint.com//software_testing/index.htm,
Software Quality,Learn Software Quality Management,https://www.tutorialspoint.com//software_quality_management/index.htm,
Software Quality,Learn SoapUI,https://www.tutorialspoint.com//soapui/index.htm,
Software Quality,Learn STLC,https://www.tutorialspoint.com//stlc/index.htm,
Software Quality,Learn System Analysis and Design,https://www.tutorialspoint.com//system_analysis_and_design/index.htm,
Software Quality,Learn TestLink,https://www.tutorialspoint.com//testlink/index.htm,
Software Quality,Learn TestLodge,https://www.tutorialspoint.com//testlodge/index.htm,
Software Quality,Learn TesRail,https://www.tutorialspoint.com//testrail/index.htm,
Software Quality,Learn Unittest Framework,https://www.tutorialspoint.com//unittest_framework/index.htm,
Software Quality,Learn Wireless Security,https://www.tutorialspoint.com//wireless_security/index.htm,
Scripts,Learn JavaScript,https://www.tutorialspoint.com//javascript/index.htm,
Scripts,Learn jQuery,https://www.tutorialspoint.com//jquery/index.htm,
Scripts,Learn jQueryUI,https://www.tutorialspoint.com//jqueryui/index.htm,
Scripts,Learn Lua,https://www.tutorialspoint.com//lua/index.htm,
Scripts,Learn Perl,https://www.tutorialspoint.com//perl/index.htm,
Scripts,Learn PHP,https://www.tutorialspoint.com//php/index.htm,
Scripts,Learn PHP-7,https://www.tutorialspoint.com//php7/index.htm,
Scripts,Learn Python,https://www.tutorialspoint.com//python/index.htm,
Scripts,Learn Python-3,https://www.tutorialspoint.com//python3/index.htm,
Scripts,Learn RSpec,https://www.tutorialspoint.com//rspec/index.htm,
Scripts,Learn Ruby,https://www.tutorialspoint.com//ruby/index.htm,
Scripts,Learn Sed,https://www.tutorialspoint.com//sed/index.htm,
Scripts,Learn Tcl/Tk,https://www.tutorialspoint.com//tcl-tk/index.htm,
Scripts,Learn Unix,https://www.tutorialspoint.com//unix/index.htm,
Scripts,Learn VBScript,https://www.tutorialspoint.com//vbscript/index.htm,
Management,Learn Appreciative Inquiry,https://www.tutorialspoint.com//appreciative_inquiry/index.htm,
Management,Adv. and Mkt Communications,https://www.tutorialspoint.com//advertisement_and_marketing_communications/index.htm,
Management,Learn Aviation Management,https://www.tutorialspoint.com//aviation_management/index.htm,
Management,Learn Bank Management,https://www.tutorialspoint.com//bank_management/index.htm,
Management,Learn Brand Management,https://www.tutorialspoint.com//brand_management/index.htm,
Management,Learn Business Analysis,https://www.tutorialspoint.com//business_analysis/index.htm,
Management,Learn Business Law,https://www.tutorialspoint.com//business_law/index.htm,
Management,Business Sales Training,https://www.tutorialspoint.com//business_sales_training/index.htm,
Management,Classroom Management,https://www.tutorialspoint.com//classroom_management/index.htm,
Management,Coaching and Mentoring,https://www.tutorialspoint.com//coaching_and_mentoring/index.htm,
Management,Learn Collaborative Management,https://www.tutorialspoint.com//collaborative_management/index.htm,
Management,Learn Consumer Behavior,https://www.tutorialspoint.com//consumer_behavior/index.htm,
Management,Customer Relationship Management,https://www.tutorialspoint.com//customer_relationship_management/index.htm,
Management,Customer Service,https://www.tutorialspoint.com//customer_service/index.htm,
Management,Learn EVM,https://www.tutorialspoint.com//earn_value_management/index.htm,
Management,Employee Engagement,https://www.tutorialspoint.com//employee_engagement/index.htm,
Management,Employee Onboarding,https://www.tutorialspoint.com//employee_onboarding/index.htm,
Management,Entrepreneurship Development,https://www.tutorialspoint.com//entrepreneurship_development/index.htm,
Management,Entrepreneurship Skills,https://www.tutorialspoint.com//entrepreneurship_skills/index.htm,
Management,Food And Beverage Services,https://www.tutorialspoint.com//food_and_beverage_services/index.htm,
Management,Food Production Operations,https://www.tutorialspoint.com//food_production_operations/index.htm,
Management,Front Office Management,https://www.tutorialspoint.com//front_office_management/index.htm,
Management,Functions of Sales Manager,https://www.tutorialspoint.com//functions_of_sales_manager/index.htm,
Management,Hotel Housekeeping,https://www.tutorialspoint.com//hotel_housekeeping/index.htm,
Management,Human Resource Management,https://www.tutorialspoint.com//human_resource_management/index.htm,
Management,Individual and Group Behavior,https://www.tutorialspoint.com//individual_and_group_behavior/index.htm,
Management,International Business Management,https://www.tutorialspoint.com//international_business_management/index.htm,
Management,International Finance,https://www.tutorialspoint.com//international_finance/index.htm,
Management,International Marketing,https://www.tutorialspoint.com//international_marketing/index.htm,
Management,Learn Kanban,https://www.tutorialspoint.com//kanban/index.htm,
Management,Learn Knowledge Management,https://www.tutorialspoint.com//knowledge_management/index.htm,
Management,Management Concepts,https://www.tutorialspoint.com//management_concepts/index.htm,
Management,Management Principles,https://www.tutorialspoint.com//management_principles/index.htm,
Management,Learn Managerial Economics,https://www.tutorialspoint.com//managerial_economics/index.htm,
Management,Marketing Management,https://www.tutorialspoint.com//marketing_management/index.htm,
Management,Outcome Measurement,https://www.tutorialspoint.com//outcome_measurement/index.htm,
Management,Organizational Behavior,https://www.tutorialspoint.com//organizational_behavior/index.htm,
Management,Learn Organizational Design,https://www.tutorialspoint.com//organizational_design/index.htm,
Management,Performance Management,https://www.tutorialspoint.com//performance_management/index.htm,
Management,Personal Branding,https://www.tutorialspoint.com//personal_branding/index.htm,
Management,Public Library Management,https://www.tutorialspoint.com//public_library_management/index.htm,
Management,PMP Examination,https://www.tutorialspoint.com//pmp-exams/index.htm,
Management,Professional Ethics,https://www.tutorialspoint.com//professional_ethics/index.htm,
Management,Recruitment and Selection,https://www.tutorialspoint.com//recruitment_and_selection/index.htm,
Management,Retail Management,https://www.tutorialspoint.com//retail_management/index.htm,
Management,Rural Marketing,https://www.tutorialspoint.com//rural_marketing/index.htm,
Management,Sales and Distribution Management,https://www.tutorialspoint.com//sales_and_distribution_management/index.htm,
Management,Learn Scrum,https://www.tutorialspoint.com//scrum/index.htm,
Management,Learn Shop Floor Management,https://www.tutorialspoint.com//shop_floor_management/index.htm,
Management,Strategic Management,https://www.tutorialspoint.com//strategic_management/index.htm,
Management,Supply Chain Management,https://www.tutorialspoint.com//supply_chain_management/index.htm,
Management,Learn Talent Management,https://www.tutorialspoint.com//talent_management/index.htm,
Management,Learn Tourism Management,https://www.tutorialspoint.com//tourism_management/index.htm,
SAP,Learn Crystal Reports,https://www.tutorialspoint.com//crystal_reports/index.htm,
SAP,Learn SAP ABAP,https://www.tutorialspoint.com//sap_abap/index.htm,
SAP,Learn SAP APO,https://www.tutorialspoint.com//sap_apo/index.htm,
SAP,Learn SAP Bex,https://www.tutorialspoint.com//sap_bex/index.htm,
SAP,Learn SAP BASIS,https://www.tutorialspoint.com//sap_basis/index.htm,
SAP,Learn SAP BODS,https://www.tutorialspoint.com//sap_bods/index.htm,
SAP,Learn SAP BO Analysis Edition for OLAP,https://www.tutorialspoint.com//sap_bo_analysis_edition_for_olap/index.htm,
SAP,Learn SAP BPC,https://www.tutorialspoint.com//sap_bpc/index.htm,
SAP,Learn SAP Business Workflow,https://www.tutorialspoint.com//sap_business_workflow/index.htm,
SAP,Learn SAP BW on HANA,https://www.tutorialspoint.com//sap_bw_on_hana/index.htm,
SAP,Learn SAP BW,https://www.tutorialspoint.com//sap_bw/index.htm,
SAP,Learn SAP C4C,https://www.tutorialspoint.com//sap_c4c/index.htm,
SAP,Learn SAP CCA,https://www.tutorialspoint.com//sap_cca/index.htm,
SAP,Learn SAP CRM,https://www.tutorialspoint.com//sap_crm/index.htm,
SAP,Learn SAP Dashboards,https://www.tutorialspoint.com//sap_dashboards/index.htm,
SAP,Learn SAP Design Studio,https://www.tutorialspoint.com//sap_design_studio/index.htm,
SAP,Learn SAP EWM,https://www.tutorialspoint.com//sap_ewm/index.htm,
SAP,Learn SAP FICO,https://www.tutorialspoint.com//sap_fico/index.htm,
SAP,Learn SAP Fiori,https://www.tutorialspoint.com//sap_fiori/index.htm,
SAP,Learn SAP GRC,https://www.tutorialspoint.com//sap_grc/index.htm,
SAP,Learn SAP HANA,https://www.tutorialspoint.com//sap_hana/index.htm,
SAP,Learn SAP HANA Administration,https://www.tutorialspoint.com//sap_hana_administration/index.htm,
SAP,Learn SAP HANA BI Development,https://www.tutorialspoint.com//sap_hana_bi_development/index.htm,
SAP,Learn SAP HR,https://www.tutorialspoint.com//sap_hr/index.htm,
SAP,Learn SAP Hybris,https://www.tutorialspoint.com//sap_hybris/index.htm,
SAP,Learn SAP IDT,https://www.tutorialspoint.com//sap_idt/index.htm,
SAP,Learn SAP Lumira,https://www.tutorialspoint.com//sap_lumira/index.htm,
SAP,Learn SAP MM,https://www.tutorialspoint.com//sap_mm/index.htm,
SAP,Learn SAP Netweaver,https://www.tutorialspoint.com//sap_netweaver/index.htm,
SAP,Learn SAP Payroll,https://www.tutorialspoint.com//sap_payroll/index.htm,
SAP,Learn SAP PI,https://www.tutorialspoint.com//sap_pi/index.htm,
SAP,Learn SAP PM,https://www.tutorialspoint.com//sap_pm/index.htm,
SAP,Learn SAP PP,https://www.tutorialspoint.com//sap_pp/index.htm,
SAP,Learn SAP PS,https://www.tutorialspoint.com//sap_ps/index.htm,
SAP,Learn SAP QM,https://www.tutorialspoint.com//sap_qm/index.htm,
SAP,Learn SAP Simple Finance,https://www.tutorialspoint.com//sap_simple_finance/index.htm,
SAP,Learn SAP Simple Logistics,https://www.tutorialspoint.com//sap_simple_logistics/index.htm,
SAP,Learn SAP SCM,https://www.tutorialspoint.com//sap_scm/index.htm,
SAP,Learn SAP Smart Forms,https://www.tutorialspoint.com//sap_smart_forms/index.htm,
SAP,Learn SAP Scripts,https://www.tutorialspoint.com//sap_scripts/index.htm,
SAP,Learn SAP SD,https://www.tutorialspoint.com//sap_sd/index.htm,
SAP,Learn SAP Security,https://www.tutorialspoint.com//sap_security/index.htm,
SAP,Learn SAP SOLMAN,https://www.tutorialspoint.com//sap_solman/index.htm,
SAP,Learn SAP SRM,https://www.tutorialspoint.com//sap_srm/index.htm,
SAP,Learn SAP SuccessFactors,https://www.tutorialspoint.com//sap_successfactors/index.htm,
SAP,Learn SAP Testing,https://www.tutorialspoint.com//sap_testing/index.htm,
SAP,Learn SAP UI5,https://www.tutorialspoint.com//sap_ui5/index.htm,
SAP,Learn SAP Web Dynpro,https://www.tutorialspoint.com//sap_web_dynpro/index.htm,
SAP,Learn SAP Webi,https://www.tutorialspoint.com//sap_webi/index.htm,
SAP,Learn SAP R/3,https://www.tutorialspoint.com//sap/index.htm,
Soft Skills,Learn Anger Management,https://www.tutorialspoint.com//anger_management/index.htm,
Soft Skills,Learn Assertiveness,https://www.tutorialspoint.com//assertiveness/index.htm,
Soft Skills,Learn Attention Management,https://www.tutorialspoint.com//attention_management/index.htm,
Soft Skills,Learn Body Language,https://www.tutorialspoint.com//body_language/index.htm,
Soft Skills,Learn Business Acumen,https://www.tutorialspoint.com//business_acumen/index.htm,
Soft Skills,Learn Business Dress Code,https://www.tutorialspoint.com//business_dress_code/index.htm,
Soft Skills,Learn Business Ethics,https://www.tutorialspoint.com//business_ethics/index.htm,
Soft Skills,Learn Business Etiquette,https://www.tutorialspoint.com//business_etiquette/index.htm,
Soft Skills,Learn Business Negotiation Skills,https://www.tutorialspoint.com//business_negotiation_skills/index.htm,
Soft Skills,Learn Business Writing Skills,https://www.tutorialspoint.com//business_writing_skills/index.htm,
Soft Skills,Career Development Planning,https://www.tutorialspoint.com//career_development_planning/index.htm,
Soft Skills,Learn Collaborative Writing,https://www.tutorialspoint.com//collaborative_writing/index.htm,
Soft Skills,Learn Cracking Interviews,https://www.tutorialspoint.com//cracking_interviews/index.htm,
Soft Skills,Learn Creative Problem Solving,https://www.tutorialspoint.com//creative_problem_solving/index.htm,
Soft Skills,Learn Critical Thinking,https://www.tutorialspoint.com//critical_thinking/index.htm,
Soft Skills,Learn Design Thinking,https://www.tutorialspoint.com//design_thinking/index.htm,
Soft Skills,Learn Developing Creativity,https://www.tutorialspoint.com//developing_creativity/index.htm,
Soft Skills,Effective Communication,https://www.tutorialspoint.com//effective_communication/index.htm,
Soft Skills,Employee Motivation,https://www.tutorialspoint.com//employee_motivation/index.htm,
Soft Skills,Employee Retention,https://www.tutorialspoint.com//employee_retention/index.htm,
Soft Skills,Employee Supervision,https://www.tutorialspoint.com//employee_supervision/index.htm,
Soft Skills,Entrepreneurship Skills,https://www.tutorialspoint.com//entrepreneurship_skills/index.htm,
Soft Skills,Evolution of Etiquette,https://www.tutorialspoint.com//evolution_of_etiquette/index.htm,
Soft Skills,Executive Assistant Coaching,https://www.tutorialspoint.com//executive_assistant_coaching/index.htm,
Soft Skills,Learn Generation Gap at Workplace,https://www.tutorialspoint.com//generation_gap_at_workplace/index.htm,
Soft Skills,Learn How to  Interview,https://www.tutorialspoint.com//how_to_interview/index.htm,
Soft Skills,Learn Impromptu Speaking,https://www.tutorialspoint.com//impromptu_speaking/index.htm,
Soft Skills,Improving Personal Productivity,https://www.tutorialspoint.com//improving_personal_productivity/index.htm,
Soft Skills,Incentive Planning,https://www.tutorialspoint.com//incentive_planning/index.htm,
Soft Skills,Learn Interpersonal Skills,https://www.tutorialspoint.com//interpersonal_skills/index.htm,
Soft Skills,Learn Job Search Skills,https://www.tutorialspoint.com//job_search_skills/index.htm,
Soft Skills,Managing the Manager,https://www.tutorialspoint.com//managing_the_manager/index.htm,
Soft Skills,Mid Level Managers,https://www.tutorialspoint.com//mid_level_managers/index.htm,
Soft Skills,Learn Motivating Skills,https://www.tutorialspoint.com//motivating_skills/index.htm,
Soft Skills,Learn Office Filing Procedure,https://www.tutorialspoint.com//office_filing_procedure/index.htm,
Soft Skills,Learn Positive Body Language,https://www.tutorialspoint.com//positive_body_language/index.htm,
Soft Skills,Sales Forecasting,https://www.tutorialspoint.com//sales_forecasting/index.htm,
Soft Skills,Sales Planning,https://www.tutorialspoint.com//sales_planning/index.htm,
Soft Skills,Learn Self Confidence,https://www.tutorialspoint.com//self_confidence/index.htm,
Soft Skills,Learn Self Esteem,https://www.tutorialspoint.com//self_esteem/index.htm,
Soft Skills,Social Intelligence,https://www.tutorialspoint.com//social_intelligence/index.htm,
Soft Skills,Learn Social Learning,https://www.tutorialspoint.com//social_learning/index.htm,
Soft Skills,Spoken English Errors,https://www.tutorialspoint.com//spoken_english_errors/index.htm,
Soft Skills,Learn Team Building,https://www.tutorialspoint.com//team_building/index.htm,
Soft Skills,Learn The Art of Happiness,https://www.tutorialspoint.com//the_art_of_happiness/index.htm,
Soft Skills,Learn Thematic Apperception Test,https://www.tutorialspoint.com//thematic_apperception_test/index.htm,
Soft Skills,Learn Verbal Ability,https://www.tutorialspoint.com//verbal_ability/index.htm,
Soft Skills,Learn Women in Leadership,https://www.tutorialspoint.com//women_in_leadership/index.htm,
Soft Skills,Learn Work Life Balance,https://www.tutorialspoint.com//work_life_balance/index.htm,
Soft Skills,Learn Workplace Civility,https://www.tutorialspoint.com//workplace_civility/index.htm,
Soft Skills,Learn Workplace Diversity,https://www.tutorialspoint.com//workplace_diversity/index.htm,
Soft Skills,Learn Workplace Politics,https://www.tutorialspoint.com//workplace_politics/index.htm,
Soft Skills,Learn Workplace Safety,https://www.tutorialspoint.com//workplace_safety/index.htm,
Soft Skills,Learn Workplace Stress,https://www.tutorialspoint.com//workplace_stress/index.htm,
Soft Skills,Learn Workplace Wellness,https://www.tutorialspoint.com//workplace_wellness/index.htm,
Selected Reading,Computer Glossary,https://www.tutorialspoint.com/computer_glossary.htm,
Selected Reading,Developer's Best Practices,https://www.tutorialspoint.com//developers_best_practices/index.htm,
Selected Reading,Download Free Graphics,https://www.tutorialspoint.com/free_web_graphics.htm,
Selected Reading,Effective Resume Writing,https://www.tutorialspoint.com//effective_resume_writing.htm,
Selected Reading,Who is Who,https://www.tutorialspoint.com/computer_whoiswho.htm,
DevOps,Learn Ansible,https://www.tutorialspoint.com//ansible/index.htm,
DevOps,Learn Bugzilla,https://www.tutorialspoint.com//bugzilla/index.htm,
DevOps,Learn Chef,https://www.tutorialspoint.com//chef/index.htm,
DevOps,Learn Consul,https://www.tutorialspoint.com//consul/index.htm,
DevOps,Learn Docker,https://www.tutorialspoint.com//docker/index.htm,
DevOps,Learn Gerrit,https://www.tutorialspoint.com//gerrit/index.htm,
DevOps,Learn Git,https://www.tutorialspoint.com//git/index.htm,
DevOps,Learn Gitlab,https://www.tutorialspoint.com//gitlab/index.htm,
DevOps,Learn Jira,https://www.tutorialspoint.com//jira/index.htm,
DevOps,Learn Kubernetes,https://www.tutorialspoint.com//kubernetes/index.htm,
DevOps,Learn LogStash,https://www.tutorialspoint.com//logstash/index.htm,
DevOps,Learn Makefile,https://www.tutorialspoint.com//makefile/index.htm,
DevOps,Learn Mantis,https://www.tutorialspoint.com//mantis/index.htm,
DevOps,Learn Puppet,https://www.tutorialspoint.com//puppet/index.htm,
DevOps,Learn Saltstack,https://www.tutorialspoint.com//saltstack/index.htm,
DevOps,Learn Scrapy,https://www.tutorialspoint.com//scrapy/index.htm,
DevOps,Learn SVN,https://www.tutorialspoint.com//svn/index.htm,
DevOps,Learn UNIX,https://www.tutorialspoint.com//unix/index.htm,
DevOps,Learn Linux Admin,https://www.tutorialspoint.com//linux_admin/index.htm,
DevOps,Learn Ubuntu,https://www.tutorialspoint.com//ubuntu/index.htm,
DevOps,Learn Virtualization2.0,https://www.tutorialspoint.com//virtualization2.0/index.htm,
DevOps,Learn VersionOne,https://www.tutorialspoint.com//versionone/index.htm,
Misc,Adobe Indesign,https://www.tutorialspoint.com//adobe_indesign_cc/index.htm,
Misc,Adobe Robohelp,https://www.tutorialspoint.com//adobe_robohelp/index.htm,
Misc,Abbreviations,https://www.tutorialspoint.com//abbreviations/index.htm,
Misc,BPEL,https://www.tutorialspoint.com//bpel/index.htm,
Misc,Learn CloudRail,https://www.tutorialspoint.com//cloudrail/index.htm,
Misc,Learn DLL,https://www.tutorialspoint.com//dll/index.htm,
Misc,Learn Drools,https://www.tutorialspoint.com//drools/index.htm,
Misc,Learn Elastic Search,https://www.tutorialspoint.com//elasticsearch/index.htm,
Misc,Learn GDB Debugger,https://www.tutorialspoint.com//gnu_debugger/index.htm,
Misc,Learn Gradle,https://www.tutorialspoint.com//gradle/index.htm,
Misc,Get IFSC Code,https://www.tutorialspoint.com//ifsccode/index.htm,
Misc,Learn ITIL,https://www.tutorialspoint.com//itil/index.htm,
Misc,Learn  iText,https://www.tutorialspoint.com//itext/index.htm,
Misc,Learn OpenShift,https://www.tutorialspoint.com//openshift/index.htm,
Misc,Learn PinCode,https://www.tutorialspoint.com//pincode/index.htm,
Misc,Learn Jboss Fuse,https://www.tutorialspoint.com//jboss_fuse/index.htm,
Misc,Learn RADIUS,https://www.tutorialspoint.com//radius/index.htm,
Misc,Learn RSS,https://www.tutorialspoint.com//rss/index.htm,
Misc,Learn Salesforce,https://www.tutorialspoint.com//salesforce/index.htm,
Misc,Learn Sublime Text,https://www.tutorialspoint.com//sublime_text/index.htm,
Misc,Learn Tex Commands,https://www.tutorialspoint.com//tex_commands/index.htm,
Misc,Learn TweetDeck,https://www.tutorialspoint.com//tweetdeck/index.htm,
Misc,Learn Vim,https://www.tutorialspoint.com//vim/index.htm,
